[{"elementos comprados": "Fijo", "precio total pagado": 13.0, "vendedor": "Miguel", "fecha de compra": "25/05/2020 19:32:07"}, {"elementos comprados": "Fijo", "precio total pagado": 13.0, "vendedor": "Miguel", "fecha de compra": "25/05/2020 19:32:46"}, {"elementos comprados": "Fijo", "precio total pagado": 13.0, "vendedor": "Miguel", "fecha de compra": "25/05/2020 19:32:51"}, {"elementos comprados": "Fijo", "precio total pagado": 13.0, "vendedor": "Miguel", "fecha de compra": "26/05/2020 17:27:20"}, {"elementos comprados": "Anillo ret\u00c3\u00a9n. cig\u00c3\u00bce\u00c3\u00b1al FPM (caucho fluroado)", "precio total pagado": 18.799999999999997, "vendedor": "Miguel", "fecha de compra": "26/05/2020 17:53:37"}, {"elementos comprados": "Juego de articulaci\u00c3\u00b3n. \u00c3\u00a1rbol de transmisi\u00c3\u00b3n lado de engranaje", "precio total pagado": 7.8, "vendedor": "Miguel", "fecha de compra": "26/05/2020 18:18:53"}, {"elementos comprados": "Juego de articulaci\u00c3\u00b3n. \u00c3\u00a1rbol de transmisi\u00c3\u00b3n lado de engranaje", "precio total pagado": 7.8, "vendedor": "Miguel", "fecha de compra": "26/05/2020 18:19:22"}, {"elementos comprados": "Juego de articulaci\u00c3\u00b3n. \u00c3\u00a1rbol de transmisi\u00c3\u00b3n lado de engranaje", "precio total pagado": 7.8, "vendedor": "Miguel", "fecha de compra": "26/05/2020 18:19:24"}, {"elementos comprados": "Juego de articulaci\u00c3\u00b3n. \u00c3\u00a1rbol de transmisi\u00c3\u00b3n lado de engranaje", "precio total pagado": 7.8, "vendedor": "Miguel", "fecha de compra": "26/05/2020 18:19:26"}, {"elementos comprados": "Juego de articulaci\u00c3\u00b3n. \u00c3\u00a1rbol de transmisi\u00c3\u00b3n lado de engranaje", "precio total pagado": 7.8, "vendedor": "Miguel", "fecha de compra": "26/05/2020 18:19:28"}, {"elementos comprados": "Juego de articulaci\u00c3\u00b3n. \u00c3\u00a1rbol de transmisi\u00c3\u00b3n lado de engranaje", "precio total pagado": 7.8, "vendedor": "Miguel", "fecha de compra": "26/05/2020 18:19:31"}, {"elementos comprados": "Correa trapezoidal 900mm", "precio total pagado": 2.3, "vendedor": "Miguel", "fecha de compra": "26/05/2020 18:19:44"}, {"elementos comprados": "Correa trapezoidal 900mm", "precio total pagado": 2.3, "vendedor": "Miguel", "fecha de compra": "26/05/2020 18:19:46"}, {"elementos comprados": "Correa trapezoidal 900mm", "precio total pagado": 2.3, "vendedor": "Miguel", "fecha de compra": "26/05/2020 18:19:48"}, {"elementos comprados": "movil", "precio total pagado": 91.0, "vendedor": "Miguel", "fecha de compra": "26/05/2020 18:20:00"}, {"elementos comprados": "Anillo ret\u00c3\u00a9n. cig\u00c3\u00bce\u00c3\u00b1al FPM (caucho fluroado)", "precio total pagado": 187.6, "vendedor": "Miguel", "fecha de compra": "26/05/2020 18:20:23"}, {"elementos comprados": "Anillo ret\u00c3\u00a9n. cig\u00c3\u00bce\u00c3\u00b1al FPM (caucho fluroado)", "precio total pagado": 187.6, "vendedor": "Miguel", "fecha de compra": "26/05/2020 18:20:27"}]